epoch,train_loss,valid_loss,time
0,6.911993026733398,7.483701229095459,00:07
1,6.505347728729248,6.959623336791992,00:07
2,6.245839595794678,6.832403182983398,00:07
