epoch,train_loss,valid_loss,time
0,7.139098644256592,7.673974990844727,00:06
1,6.471857070922852,7.147294044494629,00:06
2,5.722184181213379,7.097499847412109,00:06
