epoch,train_loss,valid_loss,time
0,6.917471885681152,7.676982402801514,00:07
1,6.4397993087768555,7.076310157775879,00:07
2,6.261954307556152,6.84973669052124,00:07
